1	Dairy
1	Dessert
1	Bake
1	Low Fat
1	Yogurt
1	Orange
1	Spring
1	Healthy
1	Gourmet
1	Vegetarian
1	Pescatarian
1	Peanut Free
1	Tree Nut Free
1	Soy Free
1	Kosher
2	American
2	Condiment/Spread
2	Milk/Cream
2	Chocolate
2	Fruit
2	Dessert
2	Winter
2	Party
2	Bon Apptit
2	Vegetarian
2	Pescatarian
2	Wheat/Gluten-Free
2	Peanut Free
2	Tree Nut Free
2	Soy Free
2	Kosher
3	Italian
3	Middle Eastern
3	Milk/Cream
3	Bean
3	Beef
3	Egg
3	Onion
3	Saut
3	Lemon
3	Mint
3	Winter
3	Bon Apptit
4	Egg
4	Mushroom
4	Tomato
4	Breakfast
4	Brunch
4	Poach
4	Vegetarian
4	Quick & Easy
4	Vinegar
4	Winter
4	Chive
4	Fontina
4	Gourmet
4	Sugar Conscious
4	Pescatarian
4	Wheat/Gluten-Free
4	Peanut Free
4	Tree Nut Free
4	Soy Free
4	No Sugar Added
4	Kosher
5	American
5	Salad
5	Onion
5	Side
5	No-Cook
5	Vegetarian
5	Mayonnaise
5	Fennel
5	Carrot
5	Summer
5	Cabbage
5	Sour Cream
5	Bon Apptit
5	Pescatarian
5	Wheat/Gluten-Free
5	Peanut Free
5	Tree Nut Free
5	Soy Free
5	Kosher
6	American
6	Greek
6	Lamb
6	Vegetable
6	Marinate
6	Backyard BBQ
6	Feta
6	Lemon
6	Mint
6	Squash
6	Red Wine
6	Summer
6	Grill
6	Grill/Barbecue
6	Bon Apptit
7	Bread
7	Cheese
7	Appetizer
7	Bake
7	Cocktail Party
7	Parmesan
7	Winter
7	Bon Apptit
8	Tomato
8	Vegetable
8	Side
8	Vegetarian
8	Parmesan
8	Barley
8	Asparagus
8	Arugula
8	Spring
8	Healthy
8	Simmer
8	Bon Apptit
8	Pescatarian
8	Peanut Free
8	Tree Nut Free
8	Soy Free
8	No Sugar Added
8	Kosher
9	American
9	Fruit Juice
9	Chicken
9	Pork
9	Summer
9	Grill/Barbecue
9	Cilantro
9	Soy Sauce
9	Bon Apptit
10	Cookies
10	Citrus
10	Ginger
10	Dessert
10	Bake
10	Christmas
10	Kid-Friendly
10	Winter
10	Bon Apptit
11	Jewish
11	Cake
11	Chocolate
11	Egg
11	Dessert
11	Bake
11	Passover
11	Orange
11	Almond
11	Vanilla
11	Kosher
11	Bon Apptit
11	Vegetarian
11	Pescatarian
11	Wheat/Gluten-Free
11	Peanut Free
11	Soy Free
12	American
12	Milk/Cream
12	Vegetable
12	Dessert
12	Bake
12	Thanksgiving
12	Spice
12	Pumpkin
12	Fall
12	Bon Apptit
12	Vegetarian
12	Pescatarian
12	Peanut Free
12	Tree Nut Free
12	Soy Free
12	Kosher
13	American
13	Cookies
13	Milk/Cream
13	Mixer
13	Berry
13	Bake
13	Christmas
13	Winter
13	Jam or Jelly
13	Bon Apptit
14	Herb
14	Onion
14	turkey
14	Side
14	Bake
14	Saut
14	Thanksgiving
14	Stuffing/Dressing
14	Bacon
14	Cornmeal
14	Celery
14	Gourmet
15	American
15	Milk/Cream
15	Dessert
15	Strawberry
15	Almond
15	Summer
15	Chill
15	Bon Apptit
15	Vegetarian
15	Pescatarian
15	Peanut Free
15	Soy Free
15	Kosher
16	Mexican
16	Soup/Stew
16	Blender
16	Herb
16	Tomato
16	Hot Pepper
16	Winter
16	Tortillas
16	Simmer
16	Bon Apptit
17	Italian
17	Fruit
17	Appetizer
17	Quick & Easy
17	Cantaloupe
17	Basil
17	Summer
17	Prosciutto
17	Gourmet
17	Wheat/Gluten-Free
17	Peanut Free
17	Soy Free
17	No Sugar Added
18	American
18	Cake
18	Chocolate
18	Dessert
18	Bake
18	Christmas
18	Mint
18	Winter
18	Bon Apptit
18	Vegetarian
18	Pescatarian
18	Peanut Free
18	Tree Nut Free
18	Soy Free
18	Kosher
19	Vegetable
19	Side
19	Steam
19	Low Carb
19	Vegetarian
19	Broccoli
19	Bon Apptit
19	Sugar Conscious
19	Vegan
19	Pescatarian
19	Paleo
19	Dairy Free
19	Wheat/Gluten-Free
19	Peanut Free
19	Tree Nut Free
19	Soy Free
19	No Sugar Added
19	Kosher
21	French
21	Milk/Cream
21	Nut
21	Dessert
21	Bake
21	Kid-Friendly
21	Walnut
21	Honey
21	Anise
21	Bon Apptit
22	American
22	Cake
22	Milk/Cream
22	Mixer
22	Chocolate
22	Dessert
22	Bake
22	Kid-Friendly
22	Peanut
22	Birthday
22	Party
22	Gourmet
23	American
23	Cake
23	Milk/Cream
23	Chocolate
23	Egg
23	Dessert
23	Bake
23	Broil
23	Kid-Friendly
23	Banana
23	Chill
23	Bon Apptit
23	Kidney Friendly
23	Vegetarian
23	Pescatarian
23	Peanut Free
23	Tree Nut Free
23	Soy Free
23	Kosher
24	Cookies
24	Dessert
24	Bake
24	Scottish
24	Lemon
24	Pistachio
24	Vanilla
24	Bon Apptit
24	Kidney Friendly
24	Vegetarian
24	Pescatarian
24	Peanut Free
24	Soy Free
24	Kosher
25	Middle Eastern
25	Citrus
25	Nut
25	Pasta
25	Vegetable
25	Side
25	Roast
25	Vegetarian
25	Wedding
25	Rosh Hashanah/Yom Kippur
25	Dinner
25	Israeli
25	Lemon
25	Raisin
25	Pine Nut
25	Squash
25	Butternut Squash
25	Healthy
25	Couscous
25	Gourmet
25	Vegan
25	Pescatarian
25	Dairy Free
25	Peanut Free
25	Soy Free
25	No Sugar Added
25	Kosher
26	turkey
26	Basil
26	Bell Pepper
26	Summer
26	Grill/Barbecue
26	Sour Cream
26	Bon Apptit
27	English
27	Cake
27	Dessert
27	Steam
27	Currant
27	Lemon
27	Dried Fruit
27	Raisin
27	Winter
27	Boil
27	Gourmet
28	Mexican
28	Blender
28	Fruit
28	Tomato
28	Bake
28	Vegetarian
28	Mango
28	Hot Pepper
28	Plantain
28	Grape
28	Monterey Jack
28	Gourmet
29	American
29	Milk/Cream
29	Leafy Green
29	Onion
29	Potato
29	Side
29	Thanksgiving
29	Vegetarian
29	Quick & Easy
29	Fall
29	Winter
29	Watercress
29	Bon Apptit
29	Sugar Conscious
29	Pescatarian
29	Wheat/Gluten-Free
29	Peanut Free
29	Tree Nut Free
29	Soy Free
29	No Sugar Added
29	Kosher
30	French
30	Soup/Stew
30	Blender
30	Potato
30	Low Fat
30	Vegetarian
30	Quick & Easy
30	Lunch
30	Pea
30	Spring
30	Healthy
30	Sour Cream
30	Simmer
30	Gourmet
30	Pescatarian
30	Wheat/Gluten-Free
30	Peanut Free
30	Tree Nut Free
30	Soy Free
30	No Sugar Added
30	Kosher
31	Mexican
31	Appetizer
31	Cheddar
31	Cornmeal
31	Jalapeo
31	Gourmet
31	Sugar Conscious
31	Kidney Friendly
32	Soup/Stew
32	Citrus
32	Ginger
32	Onion
32	Appetizer
32	Thanksgiving
32	Vegetarian
32	Pear
32	Butternut Squash
32	Fall
32	Pescatarian
32	Wheat/Gluten-Free
32	Peanut Free
32	Tree Nut Free
32	Soy Free
32	Kosher
33	Cookies
33	Citrus
33	Ginger
33	Dessert
33	Bake
33	Christmas
33	Kid-Friendly
33	Winter
33	Bon Apptit
34	Jewish
34	Cake
34	Chocolate
34	Egg
34	Dessert
34	Bake
34	Passover
34	Orange
34	Almond
34	Vanilla
34	Kosher
34	Bon Apptit
34	Vegetarian
34	Pescatarian
34	Wheat/Gluten-Free
34	Peanut Free
34	Soy Free
35	American
35	Food Processor
35	Shellfish
35	Bake
35	Low Fat
35	Crab
35	Avocado
35	Healthy
35	Chive
35	Jalapeo
35	Gourmet
36	Bean
36	Potato
36	Side
36	Saut
36	Quick & Easy
36	Summer
36	Gourmet
36	Vegan
36	Vegetarian
36	Pescatarian
36	Dairy Free
36	Wheat/Gluten-Free
36	Peanut Free
36	Tree Nut Free
36	Soy Free
36	No Sugar Added
36	Kosher
37	American
37	Milk/Cream
37	Vegetable
37	Dessert
37	Bake
37	Thanksgiving
37	Spice
37	Pumpkin
37	Fall
37	Bon Apptit
37	Vegetarian
37	Pescatarian
37	Peanut Free
37	Tree Nut Free
37	Soy Free
37	Kosher
38	Dairy
38	Dessert
38	Bake
38	Low Fat
38	Yogurt
38	Orange
38	Spring
38	Healthy
38	Gourmet
38	Vegetarian
38	Pescatarian
38	Peanut Free
38	Tree Nut Free
38	Soy Free
38	Kosher
39	American
39	Herb
39	Mushroom
39	Nut
39	Side
39	Saut
39	Thanksgiving
39	Fall
39	Chestnut
39	Bon Apptit
39	Vegetarian
39	Pescatarian
39	Wheat/Gluten-Free
39	Peanut Free
39	Soy Free
39	Kosher
40	American
40	Food Processor
40	Shellfish
40	Poach
40	Cocktail Party
40	Buffet
40	Mayonnaise
40	Shrimp
40	Summer
40	Tarragon
40	Chive
40	Parsley
40	Bon Apptit
41	American
41	Cookies
41	Milk/Cream
41	Mixer
41	Berry
41	Bake
41	Christmas
41	Winter
41	Jam or Jelly
41	Bon Apptit
42	American
42	Salad
42	Bean
42	Onion
42	Vegetable
42	Side
42	Roast
42	Vinegar
42	Green Bean
42	Beet
42	Summer
42	Thyme
42	Bon Apptit
42	Vegan
42	Vegetarian
42	Pescatarian
42	Dairy Free
42	Wheat/Gluten-Free
42	Peanut Free
42	Tree Nut Free
42	Soy Free
42	No Sugar Added
42	Kosher
43	Bake
43	Wheat/Gluten-Free
43	Salmon
43	Prosciutto
43	Gourmet
44	French
44	Milk/Cream
44	Nut
44	Dessert
44	Bake
44	Kid-Friendly
44	Walnut
44	Honey
44	Anise
44	Bon Apptit
45	French
45	Dessert
45	Bake
45	Raisin
45	Pear
45	White Wine
45	Winter
45	Gourmet
