1	Mexican
1	Appetizer
1	Cheddar
1	Cornmeal
1	Jalapeo
1	Gourmet
1	Sugar Conscious
1	Kidney Friendly
2	Soup/Stew
2	Citrus
2	Ginger
2	Onion
2	Appetizer
2	Thanksgiving
2	Vegetarian
2	Pear
2	Butternut Squash
2	Fall
2	Pescatarian
2	Wheat/Gluten-Free
2	Peanut Free
2	Tree Nut Free
2	Soy Free
2	Kosher
3	Cookies
3	Citrus
3	Ginger
3	Dessert
3	Bake
3	Christmas
3	Kid-Friendly
3	Winter
3	Bon Apptit
4	Jewish
4	Cake
4	Chocolate
4	Egg
4	Dessert
4	Bake
4	Passover
4	Orange
4	Almond
4	Vanilla
4	Kosher
4	Bon Apptit
4	Vegetarian
4	Pescatarian
4	Wheat/Gluten-Free
4	Peanut Free
4	Soy Free
5	American
5	Food Processor
5	Shellfish
5	Bake
5	Low Fat
5	Crab
5	Avocado
5	Healthy
5	Chive
5	Jalapeo
5	Gourmet
6	Bean
6	Potato
6	Side
6	Saut
6	Quick & Easy
6	Summer
6	Gourmet
6	Vegan
6	Vegetarian
6	Pescatarian
6	Dairy Free
6	Wheat/Gluten-Free
6	Peanut Free
6	Tree Nut Free
6	Soy Free
6	No Sugar Added
6	Kosher
7	American
7	Milk/Cream
7	Vegetable
7	Dessert
7	Bake
7	Thanksgiving
7	Spice
7	Pumpkin
7	Fall
7	Bon Apptit
7	Vegetarian
7	Pescatarian
7	Peanut Free
7	Tree Nut Free
7	Soy Free
7	Kosher
8	Dairy
8	Dessert
8	Bake
8	Low Fat
8	Yogurt
8	Orange
8	Spring
8	Healthy
8	Gourmet
8	Vegetarian
8	Pescatarian
8	Peanut Free
8	Tree Nut Free
8	Soy Free
8	Kosher
9	American
9	Herb
9	Mushroom
9	Nut
9	Side
9	Saut
9	Thanksgiving
9	Fall
9	Chestnut
9	Bon Apptit
9	Vegetarian
9	Pescatarian
9	Wheat/Gluten-Free
9	Peanut Free
9	Soy Free
9	Kosher
10	American
10	Food Processor
10	Shellfish
10	Poach
10	Cocktail Party
10	Buffet
10	Mayonnaise
10	Shrimp
10	Summer
10	Tarragon
10	Chive
10	Parsley
10	Bon Apptit
11	American
11	Cookies
11	Milk/Cream
11	Mixer
11	Berry
11	Bake
11	Christmas
11	Winter
11	Jam or Jelly
11	Bon Apptit
12	American
12	Salad
12	Bean
12	Onion
12	Vegetable
12	Side
12	Roast
12	Vinegar
12	Green Bean
12	Beet
12	Summer
12	Thyme
12	Bon Apptit
12	Vegan
12	Vegetarian
12	Pescatarian
12	Dairy Free
12	Wheat/Gluten-Free
12	Peanut Free
12	Tree Nut Free
12	Soy Free
12	No Sugar Added
12	Kosher
13	Bake
13	Wheat/Gluten-Free
13	Salmon
13	Prosciutto
13	Gourmet
14	French
14	Milk/Cream
14	Nut
14	Dessert
14	Bake
14	Kid-Friendly
14	Walnut
14	Honey
14	Anise
14	Bon Apptit
15	French
15	Dessert
15	Bake
15	Raisin
15	Pear
15	White Wine
15	Winter
15	Gourmet
16	American
16	Beer
16	Onion
16	Sausage
16	Summer
16	Oktoberfest
16	Tailgating
16	Gourmet
17	Vegetable
17	Side
17	Christmas
17	Thanksgiving
17	Vegetarian
17	Carrot
17	Fall
17	Honey
17	Shallot
17	Gourmet
17	Wheat/Gluten-Free
17	Peanut Free
17	Tree Nut Free
17	Soy Free
18	American
18	Garlic
18	Onion
18	turkey
18	Roast
18	Thanksgiving
18	Cornmeal
18	Shrimp
18	Whiskey
18	Hot Pepper
19	Asian
19	Bake
19	Broil
19	Quick & Easy
19	Pork Chop
19	Honey
19	Gourmet
